model,accuracy,precision,recall,f1
Logistic Regression,0.95,0.9517951346898715,0.95,0.94866139275423
KNN,0.9227272727272727,0.9249787692371425,0.9227272727272727,0.9225584577375918
Decision Tree,0.8886363636363637,0.8940557028475687,0.8886363636363637,0.8897997718587402
Random Forest,0.9409090909090909,0.9460238958902061,0.9409090909090909,0.942207747413697
Naive Bayes,0.9590909090909091,0.9622287729320979,0.9590909090909091,0.9593665974976242
